name	kind	ident	code_rva	shared
kRvaSendWillRenderCanvases	plain	UnityEngine.Canvas::SendWillRenderCanvases	0x5348800	0
kRvaSceneLoginUpdate	plain	eb579f9e366aba64d2b93c5956ef5d48f3e3bb00804a9fe6e11813b464237be::Update	0xC4B720	0
kRvaWorldManagerFixedUpdate	plain	cba21c42799e50c37623ea5fd88d5c4c9155c2565d25cde936671684e16dff7::FixedUpdate	0xE24710	0
kRvaWorldManagerUpdate	plain	cba21c42799e50c37623ea5fd88d5c4c9155c2565d25cde936671684e16dff7::Update	0xE28320	0
kRvaUserPrepare	hash	df9431b7b870f7c3bd420771c99ffcc478c0c350f9e37782bd6d527300f6378	0x108D0C0	1
kRvaFbPrepare	hash	df9431b7b870f7c3bd420771c99ffcc478c0c350f9e37782bd6d527300f6378	0x12B72B0	1
kRvaSceneLoginGet	hash	c014c37605faf08e1ff939aea01b8ee346e7acdf6d5a105d8243facc3c085fc	0xC4AED0	0
kRvaOnClickWorldItem	hash	b49a13a94cdcbcddb6ad5c355a1a7d7e0ddc72c97feae1ecaecaaedc8fa239c	0xADE680	0
kRvaSelectChannel	hash	b926337e7201fe49dffbe9b2cffc69d5146646ac65fbff847f03282d74a9352	0xAD7B20	0
kRvaOnClickGoWorld	hash	cfcaad673a93e095ec4502efb27328bdb490db16b98bef6edf52f5fd701f3e0	0xADAF00	0
kRvaSelectCharacter	hash	a716a1e27b1c3dbf53af23cd6f4b84c88f5fd71d2110abb931170910bdeb1d8	0xABFF80	0
kRvaOnClickButtonSelect	hash	bd0b2bc5585aa33194f09ba3b0b78fb617e58dc59b58b8fe7e7ba4484571cfe	0xAC1360	0
kRvaGetAvatarCount	hash	fbc08c5ceaa1ad997fe5a4571cb525de9a846b0f112f92b028afd5b20b82f26	0xACC190	0
kRvaIsSlotEnable	hash	d8ae8165933c762798e8b3cf2b06e0a3add529a2f9ea46a69bddeb8611ca604	0xAC7BD0	0
kRvaIsOpenAntiMacro	hash	cb12625ac7b8b8a44c0892be3e7fe985598466b23fb4084e82c1f291c6f8a4c	0x972AF0	0
kRvaTextGet	hash	f695649fb594927a49e8907339ffabdd759f41ff2e87b3308a64e4c6392cfa9	0x96F4F0	0
kRvaTextIsInst	hash	addacecf1935de92c7158f334b255c67a410f2fbba1f85d3ac238715661d24c	0x96F8A0	0
kRvaTextOnOk	hash	ea9ce1f8c8c6fef324e4561dd12e807291b9ce5d13ea489114780a2e0ce5bc5	0x971CB0	0
kRvaNonGet	hash	d42f475c9d6dea1073caddff9525e27bf6925fa3148c19b1dbeb23e6e524446	0x961C10	0
kRvaNonIsInst	hash	d9e38bf733b50496400e3f9ebf41f6a322dbf6273311281bb99c347dc436f36	0x961FE0	0
kRvaTryGetWinCursorPos	hash	cc7e8899c12c5481f5a1583404ddcf6293c48bbcb31b36e5be6e82cffd4438c	0x973150	0
kRvaCamGetMain	plain	UnityEngine.Camera::get_main	0x4EF9D50	0
kRvaCamWorldToScreen	plain	UnityEngine.Camera::WorldToScreenPoint	0x4EF96E0	1
kRvaRectGetRect	plain	UnityEngine.RectTransform::get_rect	0x4F7C1C0	0
kRvaTransformPoint	plain	UnityEngine.Transform::TransformPoint	0x4F82580	1
kRvaSendSp	hash	f834409ab26437ce5dbd788c44ef8dff85cbe0a670572c868b3fbc215bd62db	0xE5D810	0
kRvaCanSendExcl	hash	b9c0f151ae3425e551d759586cec4e00bca6e886d959aebb5d95807fd38bc8f	0xE2F8D0	0
kRvaGetMaxLevel	hash	d0b415dc198894ee591ee14455001775d1e36b1a4f3508c3d2ad4e7cc5562c9	0x1601980	0
kRvaSendAp	hash	ed9c5a11a05a8bda815522fbd069d1922512847ece225b081f617d5761d699a	0x65A960	0
kRvaSendTransferChannelRequest	hash	c4c25c60a8367001aef74c21959d555e58b0ac827ed77d1d253a14743b72cff	0xBFDC70	0
kRvaIsAlertMode	hash	b867a2ff21c1253048d032268a6ac8100e6932897d5c14e658ce7d0dc6a3927	0x12B0160	0
kRvaCanSendExclRequest	hash	b9c0f151ae3425e551d759586cec4e00bca6e886d959aebb5d95807fd38bc8f	0xE2F8D0	0
kRvaUiDlgSelectMenu	hash	b2a8de3b132bb8d34b4b1427d7dc24e9c365efd748c2a4ebcdac762d5c7e376	0x7BA740	0
kRvaUiDlgOnClickBtOk	plain	b731652cc9dbeae313cdf4c9b18aa721c563fb879cf989ff00947dc28a73129::OnClickBtOk	0x7C35C0	0
kRvaUiDlgOnClickBtYes	plain	b731652cc9dbeae313cdf4c9b18aa721c563fb879cf989ff00947dc28a73129::OnClickBtOk	0x7C35C0	0
kRvaGoGetActiveSelf	plain	UnityEngine.GameObject::get_activeSelf	0x4F69A10	0
kRvaCanPerformAction	hash	bb2eb81be474e366fcaa0e1db424cee2c71c60e124b124c379aabdec5344957	0x4D4730	0
kRvaGetLevelData	hash	e414b9a1b480ba6167a6208624b191a791fdd1db194d726a3b72f949ce9c08a	0x1602940	0
kRvaTryDoingFinalAttack	hash	a6fa22f7c867acb975d82e298c580e3f1b5088ad0b1e81deb3391b7fb85944b	0x1150730	0
kRvaGetWeaponType	hash	d1ed9eb82eb5f583304620272a9ecd782130826023552b03ca84b335a7636f9	0x14CAB80	0
kRvaCdGetItem	hash	e423704b730739210652e47452bc607108dda102192de83ed6855a7701d6d38	0x135BC50	0
kRvaCamScreenToWorld	plain	UnityEngine.Camera::ScreenToWorldPoint	0x4EF9880	1
kRvaCompGetTransform	plain	UnityEngine.Component::get_transform	0x4F63FC0	0
kRvaTfGetPos	plain	UnityEngine.Transform::get_position	0x4F7E940	0
kRvaSetTargetFps	plain	UnityEngine.Application::set_targetFrameRate	0x4EF3AD0	0
kRvaGetTargetFps	plain	UnityEngine.Application::get_targetFrameRate	0x4EF3A90	0
kRvaSetVSync	plain	UnityEngine.QualitySettings::set_vSyncCount	0x4F0EE30	0
kRvaNmCloseSession	hash	d3ce732d632847231a7c6e59d64b038bbfe3f3cb24781ca00a5c81946549c09	0x1D9A440	0
kRvaNmDisconnect	hash	fdfbf100991236457c9efe07a834d3a8ea4bca963b42a23c02474f63f0f8fec	0x1D8B6B0	0
kRvaSessionSetState	hash	da86d22e1fd59aad1df5609cedaa106a60b5a314e21cc7278c010bad4b141c8	0x1D99F30	0
kRvaSessionOnDisc	hash	f250b493725be946be10d6e7a1488e6fe28ef2ebd054c72daeb5bbabab7463f	0x1D9B6D0	0
kRvaSessionSend	hash	d4807d1f75d069434d9967bd02c9c47f2c1ad75018b107394a5b3cf794376f5	0x1D8D900	0
kRvaA480TryLocalDisc	hash	f3bbf8b8bd95caa01999a45a43b08fb3834e454dfa669c9e4eb881f0af2b32a	0xE1C040	0
kRvaA480DoLocalDisc	hash	b329648e0d1a812c8676d4c912f071ddf08c0ecd40f627b3cae924b70ca4a42	0xE54140	0
kRvaCsCaller1CC5520	hash	f383f6a9500af21e328cf55e35616a6f6bbb489f99c8382da02ec59cc52fd99	0x1D8AD80	0
kRvaCsCaller1CD5570	hash	d30e287ad314985d7fa639f54a6930a532895d31d8716203d3a006d2de6dc3f	0x1D9A930	0
kRvaCsCaller1CD92A0	hash	ff886480f16a310d6856f6058f84879ed01b7cd91b3de2cad5d853e10ebb194	0x1D9E690	0
kRvaCsParent1CC52C0	hash	c8a568e88693f603ac05974d462a3428d10bf0b9142dfb8e5deee4eec76b38e	0x1D8AB40	0
kRvaCsParent1CC74C0	hash	fa6c4bb22b900e5437ab6635787f140ea22e9a6e367ddfc0a9ac439e9c97140	0x1D8CD60	0
kRvaCsParent1CD7870	hash	b8f4dbfa336daa25cfd0aa0b1439f59eea5c903c90cb39060eab10a708d340d	0x1D9CC10	0
kRvaCsParent1CDA040	hash	f0db11284033d4641d83457f600d709738e0341b7b05472a961f35078bc798a	0x1D9F4E0	0
kRvaSessionCallbackRecv	hash	d88a87a331a5ce914a8eb1898a90803552c3d29180e23978a13d49f29f347e2	0x1D9C840	0
kRvaTryDoingMeleeAttack	hash	bd137a5068eeb6e7e30326263ad50403052be880cb614278692a5ad0fe205a9	0x10EFCE0	0
kRvaTryDoingShootAttack	hash	b2299ed7eaf04c1aba4b0c1fd9beda900b28728d655f7ace4704f8b50317fc7	0x1105190	0
kRvaGetAttackRect	hash	ccb7901035d978c1ecd5a7d563fe012b08ade267252910e707e27cfbf17b062	0x1299850	0
kRvaEnterDump	hash	adb768e9b7a5e28b535a9ed3d9c2ab35ac6984746489cc29f2e4fbd3ee27d6b	0xFE4FE0	0
kRvaLeaveDump	hash	b832e5f388aa58d6fbe04dd2eff32f5acc3822318d136eb3fec8f5939f5925e	0xFE56A0	0
kRvaEnterFn	hash	adb768e9b7a5e28b535a9ed3d9c2ab35ac6984746489cc29f2e4fbd3ee27d6b	0xFE4FE0	0
kRvaLeaveFn	hash	b832e5f388aa58d6fbe04dd2eff32f5acc3822318d136eb3fec8f5939f5925e	0xFE56A0	0
kRvaMouseFn	hash	e3ff2b7dbc0b51c19d84943142c36a9bbed54e1316e6aa05d2977b092535da0	0xFE4C20	0
kRvaMouseDump	hash	e3ff2b7dbc0b51c19d84943142c36a9bbed54e1316e6aa05d2977b092535da0	0xFE4C20	0
kRvaMovePathFlush	hash	e8401e5a062784c0e5827bebed5c7bba42ce821d70190df79f788a47ec1988e	0x12186F0	0
kRvaGoSetActive	plain	UnityEngine.GameObject::SetActive	0x4F69940	0
kRvaShowSkillEffect	hash	a7957e4f8e6f49b91e0327175d91dfe53e9cb4bb9d4f92a153afc30e5ed28cf	0x1097070	0
kRvaShowSkillAffected	hash	cedd6abffbbfb26f5af05b044c86c40452acc827d5ea56a74a7013e7aba3b1b	0x109CB00	0
kRvaShowSkillPrepare	hash	fb53609a1b1144ada7b59ac62d0082789ce3b0f72c4e0c6afe3ba0e63ad1163	0x109CE40	0
kRvaShowSkillSpecialEffect	hash	f38143e901971fbcb194937101e6e6017884068082d489a418f85b7a6c04373	0x109D290	0
kRvaMobDamageTick	hash	fe0140851d88e528c18b343c2ab1d3db6015ea304943fabaeebcc170e2475c2	0xF67160	1
kRvaOnFuncKey	hash	f37aa0a081dcad95faf6c7024fe156ec27c000a7cf8e701ea46a51451d89129	0x11369D0	0
kRvaGetKeyByFunc	hash	a952c4e59404e574eead5b6571bce8510bef53a311bc428f86e83ca60aec72d	0x170A970	0
kRvaGetDataByKeyCode	hash	d43c993cf56de6520167d5e1d1992f0b12fc20db1bc4c782ed1f9908aee1851	0x1709BE0	0
kRvaFuncKeyCtor	plain	ff247e31dceda987dca78a8f62c2a3787063a7d45e50e426f06aa259d45257c::.ctor	0x17020A0	1
kRvaVecCtrlSetInput	hash	e902738cbd7f2d6f2494922d2745a261050b470b8a0e5c74a1719a4b9aae3d0	0x1236500	0
kRvaKeyPadSetFields	hash	a35b262606741da7e1796aa620a4fde333caacbe52e136991e88d7c6762f023	0x1B8A680	0
kRvaKeyPadPackState	hash	d3a2b18457fe3b973fe4190b95b14faee8510bff7e7a86a3d28a3f6d14558a1	0x1B8A6A0	1
kRvaOutPacketCreate	hash	a23859427d76cebc31bb8f182db4118fc33f1c39b2c840b37a9b6f756ac8027	0x1D8BC70	0
kRvaEncode1Byte	hash	fb9faef57e1b5070df7c45e268b32f5ba7d0ad68cf9a3ed89e7d6d3a9b83406	0x1D97DA0	0
kRvaEncode1Bool	hash	be36f3a9cdaebd0c338482efe7b883c4a360ee06e0420b9826086ff3525eac6	0x1D97EB0	0
kRvaEncode2Ushort	hash	aad060f1b06753c6a5f9cd517b4f8376e707e5d07123079c67733eb8e35e5dc	0x1D980C0	0
kRvaEncode2Short	hash	f9fcddc1795093bcf0c154f2d10d7406b7f76c9b740f1aee2cbd13084d7cdea	0x1D98040	0
kRvaEncode4Int	hash	f83d162c144da2d9357654487425fac2b57ec2843f3fda297f7d5f312451624	0x1D98150	0
kRvaEncode4Uint	hash	ca71d022b95e2d64a4c467016e114206882b110697ab745d802140f928a3d5a	0x1D981E0	0
kRvaEncodeVector2	hash	b621dab8452ae7b754422661ba68fedec67738d968b7471e107a16da98c4c58	0x1D98CC0	0
kRvaNmSendPacket	hash	d4807d1f75d069434d9967bd02c9c47f2c1ad75018b107394a5b3cf794376f5	0x1D8D900	0
kRvaSendOutPacket	hash	effbdaa2e545ecbda069f762408ee7938f12e66a5e8ac62706c5b9606f5ee26	0x1D8BD80	0
kRvaWorldManagerGetUpdateTime	hash	d5a696af80bbdc399f449b76d49f4b85a97b66d6dc38df9311b9d9c71737b5d	0xE12020	0
kRvaSetAttackAction	hash	d7115b41b678467c52fe9537321b82186581dab2b387b50f43d76f3267dfd6d	0x1088B20	0
kRvaCollectAttackPacket	hash	e4443574c2e5dd8bd3c5e881ab04ef0ade9fcf87d819ee6fb264beb094c8b45	0x3D60EB0	0
kRvaSendStatChangeItemUseRequest	hash	cfa225b04b2c24e311283466ba0ba571b7af5ec535b40535f04a894b34e1766	0x6086D0	0
kRvaSendPortalScrollUseRequest	hash	be07cc2d630a0c4c2139463f296575466630af69db50782147c71ff76f73eb8	0x60B2D0	0
kRvaCdGetItemSlotPos	hash	eeafbe4940c08f96459626d541706fb81f8da55caf1de977f8aeb84362632c1	0x1363190	0
kRvaCdGetItemCount	hash	ab2d4cc9bc0de58aa5a4455e36fd166e7a7f686f1a529abccfb1cbfa0d0ca03	0x135B530	0
kRvaPetTryPickUpDrop	hash	cd1c9a51e8e6097642fb7817d96c08df071f25ee76d33ef4da9bfea98ed18f0	0x1003140	0
kRvaPetTryPickStub	hash	bb8e17b5b2433a6ed84404f998a288b1ce8614a35118effa0ab8850ae8cb8cd	0x1001910	0
kRvaPetTryPickBody	hash	e41b1298a5dd0bcabc32af43f8f5f81f376dcd3c03f2e32232d85593e87aa4c	0xFEB820	0
kRvaDropTryPickUpDrop	hash	da10470bd6ec9a975064c4b5b36943bba78461a8d447ec890aed471af0f455d	0xFC6C80	0
kRvaDropTryPickUpDropByPet	hash	f4739b589417ad1f53eb26dad8e4b437695a5c45fa0c9a08cb2f7e809f8679f	0xFC8D80	0
kRvaPetGetItemSlot	hash	a40580865dc02f423b1690ae884183affb8710302c78e0fe25c4ee05bead775	0x1003750	0
kRvaPetIsInExceptionList	hash	c1fa42d6812e04ad3359a1d2050b2eb7f996d3545d02f933a93fd8d0602008d	0x1018600	0
kRvaPetSendDropPickUp	hash	b310871849bc52395af21b80971f1f08e9c2073844169266a203f07894a7d06	0x10169D0	0
kRvaPoolSendDropPickUp	hash	b6f8a157d23ae0124e7d3ffb5af9d8525b5b85702fac03df012a280fd2a779c	0xFC8430	0
kRvaGetBodyRect	hash	f2ff070bd5044bd4f7e1864c1263b33fa66ef82831e4f55662ea0238c2c7f1b	0xF62EA0	0
kRvaFindHitMobInRect	hash	cc448aa9bbb0bc580408618e7a9470f1989404a699eef3dce3c920586240b44	0xFD6F50	0
kRvaOnKey	hash	c5eb693e7593faee078e5443f686e2cbfbd94d898d0eb031fba6c4247a73dd2	0x10D3AC0	0
kRvaIsFocusedInputField	hash	cd38494b20ad62dc9c407b829d78746c4df089b8a6c8d0c286890df2752a9bd	0x17141E0	0
kRvaSetHunting	hash	c8120ba9190aa3fe7710d4b050e1d570efce63dc3c6c13691ce85855bdcffb8	0x3D2D8B0	0
kRvaHandleCheck	hash	e72957d08006475ceba98397e0eeb91cfaebf772a828b1efa13a595d9af37f1	0x3D327A0	0
kRvaIsSameHandle	hash	d0735b1bb4db099388b8faf3e98639131e46d15df2ab6bd3829e38c652a2e4d	0x3D33B40	0
kRvaMobWua	hash	a8770b3bce3cb377ee06fb5c82a02c24d6e6130d03fc0a8bae77da2e5c3e43a	0x123F970	1
kRvaBaseWua	hash	a8770b3bce3cb377ee06fb5c82a02c24d6e6130d03fc0a8bae77da2e5c3e43a	0x1224DF0	1
kRvaInspect	hash	e14b5e5eec901bba71a9edd45dfd783d088e948cdc7e492287e43cab5357d8b	0x1235360	0
kRvaCtrlStop	hash	c15f07007eb92ad883eaea57deee8a134726cd9edeefb699897995e1ff5a7ad	0x123ECE0	1
kRvaCtrlMove	hash	a8770b3bce3cb377ee06fb5c82a02c24d6e6130d03fc0a8bae77da2e5c3e43a	0x123F970	1
kRvaCtrlJump	hash	e2d82a65d69c834aee16cd42e9b2f73f5fae20527c68acfe43917d399c213a9	0x12407C0	0
kRvaCtrlFly	hash	d8e0048476aeb3d00989a3c195398aa2cb30645fd48b41466d39d4aa33250df	0x1241CC0	0
kRvaDumpApplyStub	hash	a9af404e1247a7822d1c398e67ad3c330a5928228a153bf97225d0f62c83067	0xF94BA0	0
kRvaDumpOnFixedUpdate	hash	ffdf27dfed118bb0be4679db7292ae671261aee6fb8eee92b1662b63b641ec6	0xFF4460	0
kRvaPullKick	hash	bd4580c69d34ec90df30974e328a92c8ab2f231fef8393b406acc05ea551093	0x1CBC700	0
kRvaPullSend	hash	d1d98810b77d0242118f6d8c449b2912f9ae3c5aaf174bce1f6071c98e54c57	0x1CBA790	0
kRvaDensity	hash	b7cb72f247a26ba0ac0e88baa1bcb406239d55d8c3a40b7f5e5199613995248	0x1CBF590	0
kRvaDeadPos	hash	eef1bd12cb872e7daef453605d579030515edcc6a4dd0563b647f39d769a158	0x1CB3D10	0
kRvaHub408	hash	e5d61bf016f90806277551163f451d39b8c696997e0c74d7cf0a76a67d1c250	0xD43970	0
kRvaSched	hash	e1cf9e44ad8c4ceff065afe10b4f6957fdaaa8aa24946d79da40186db113b0c	0xC24330	0
kRvaDispatch	plain	c49d3478f99e72e8e35170adb776277243b985d32377c096f63a16b8388fae9::OnButtonClicked	0x1CB9090	0
kRvaTick	hash	b46dc97cf703e71ec595707efeb017420e38f0347cc93932798eafe725fd5b9	0x1CC6A60	0
kRvaDensWrap	hash	f6a49957c0d54d701a78399cd0a7cd6db2e47d37e59610dfe266da753c2fd65	0x1CBEA00	0
kRvaDeadWrap	hash	e6daa2bfc64db5e1ff83b09f4fc096d35bdcc32832c65b46974da5c6879e9c6	0x1CB3430	0
kRvaUnwrap	hash	f6b649f06360de53f759a299254adc7cbc888961a7a06858e2cb99f37edc809	0xB5EA70	0
kRvaSendActivatePetRequest	hash	af0546617478a458e47164f9c0a4aeabebb20bf90a944f98d90ad58d0a74d96	0xCB0390	0
kRvaCollectAttackSkill	hash	e34c816dcbb3b01e9b5c5449cc08bfbc6f0870d1300a6a92f72ea9361ad28f5	0x3D613C0	0
kRvaSendAttackPacketCountCheck	hash	d791a6b094793f3c187d9c7c5fd23152e067a7d5aa944a0e3adfc0d7d01a630	0x3D61790	0
kRvaOutPacketEncode1Byte	hash	e6d31c983be1c416eb413a30be0c18bbeee5a6912e64fb86637beffab26c11a	0x1D97CC0	0
kRvaOutPacketEncode2Short	hash	f9fcddc1795093bcf0c154f2d10d7406b7f76c9b740f1aee2cbd13084d7cdea	0x1D98040	0
kRvaOutPacketEncode4Int	hash	f83d162c144da2d9357654487425fac2b57ec2843f3fda297f7d5f312451624	0x1D98150	0
kRvaNmSend	hash	d4807d1f75d069434d9967bd02c9c47f2c1ad75018b107394a5b3cf794376f5	0x1D8D900	0
kRvaUserLocalTalkToNpc	hash	e168d9847d3adcc7ca257cc7342222b5a1de092ebf5f3c58052b7b484b06491	0x113AF60	0
kRvaSendSellRequestPacket	hash	aae7f667c96e98eba1e387a0fc7761694d7be190baeea76d9d350a5c48e4234	0x56A4A0	0
kRvaSendBuyRequestPacket	hash	e9c7ef832f907858e1ce62b5fa0f9521a4de1a35f109abc2b0a1f1c3dad81af	0x5693C0	0
kRvaSendRechargeRequestPacket	hash	cd6c935706e2b4f4d9e9836c428a7c174a66a50ee6377b75621b5fc9e086a97	0x56AA30	0
kRvaCmpSellItem	hash	e08b9381f2826d9bcd5059977d3dcd90a859138af9cc8579bac4044a887d64c	0x56D3A0	0
kRvaShopSetRet	plain	e88eb08bae872341669ffd2cd826d4a4e8ee2335482910eb6845a2430f6b8e9::SetRet	0x552500	0
kRvaShopRefreshSell	hash	d750c88eac66981608070abaf6abc03e0d47633fded2c9e65289b92a5d125bb	0x561A60	0
kRvaUiDialogClose	plain	d9d3f3cdf73ab0f14ba28ae7dbf68614b9878f8dd36212f134a85aae0d63785::Close	0x11D0350	0
kRvaButtonPress	plain	UnityEngine.UI.Button::Press	0x50B7550	0
kRvaGoSetActive	plain	UnityEngine.GameObject::set_active	0x4F69870	0
kRvaUiTabOnClickTab	hash	adcaf6dab3ac39e314aef08ca77dad5333e0e9b609e156c155154abb5a2cb83	0xB5A9C0	1
kRvaShopUiTabSelect	hash	a79ba958161a2c7eb13287ee24e71fc2b96c1a87ad841df288fe0d9e93e3b89	0xB63740	0
kRvaGetSkillLevel	hash	d37faec028e1b6715c4d9c406cd743dc89ed2c616dbcc40e32171ad674600f0	0x111F9C0	0
kRvaDoActiveSkill	hash	ba114dca0e12620bbd7e5b1d08ff917743adccf5ee8408e0db915af97efc3ca	0x1120EF0	0
kRvaDoActiveSkillPrepare	hash	b7c9740fe9490aab9603d6c0777b628dc418a08a82e10ed855e119aafbd7cf2	0x11642F0	0
kRvaSendSkillUseRequest	hash	aaf832736ab979dcc8b057f3cf83c31e10293a0cfef4bbe0a524a6dbd4da4cf	0x1178CD0	0
kRvaSkillInfoGetSkill	hash	acdd4e802e02adfcc604a981abadfd3d493f32d0dc5470ee920f8d5a9bc4f2c	0x1617730	0
kRvaSecondaryStatGetRemainTime	hash	d44c8aa2ebd7209a1af6f8d12167f9cf5290867a070b164eb49913a21499b2c	0xDC6FB0	0
kRvaGetSkillCoolTimeOver	hash	b7b3c96c7a30627556dd02cdd99cd27f4cd26a78e2079e5e4b0967088110b7d	0x135D1B0	0
kRvaIsExistSkillCoolTimeOver	hash	a428db94c27c562604b6830bd1c324244696707c5f2656c1f60a42d8d581895	0x136B780	0
kRvaGetCrc	hash	d7f953310169dcb60cead396b4ca7bd2dfd880cbb2757a44d34c97e16b3ef6f	0x1600170	0
kRvaTryDoingTeleport	hash	fe3d990e614935f6f54ec79039a1e72edbad7847f9beda6a8c455b860a1ef8e	0x10DA3F0	0
kRvaVecCtrlSetForcedFlush	hash	b2de2dc7149494830bc2b5ada214ec5112eca12f108b8ff28dee811579eb4da	0x1221700	0
kRvaMovePathSetForcedFlush	hash	e556dc270e7406a3afdcd028c15f71870bc10656e0e89b0540e9b08183749ae	0x1218100	0
kRvaVecCtrlNockBack	hash	b79835e476101b764fa754c8158d42ad6c2ecf2555d374ca138ddb9491b6319	0x12360C0	0
kRvaVecCtrlSetImpactNext	hash	d5ef6b145cd404b2339b3ffbc99e573d268ee59fd0737b199d220565af6102d	0x1221B90	0
kRvaCheckMovePortal	hash	c477adfce1dc97740fb117938453d042e2941c30fb0c5c586902c83a1b17334	0xE1B170	0
kRvaOutPacketEncode1Byte	hash	fb9faef57e1b5070df7c45e268b32f5ba7d0ad68cf9a3ed89e7d6d3a9b83406	0x1D97DA0	0
kRvaOutPacketEncodeStr	hash	e134a303f4702cf04ab319932b116c6dc30898b8ebb05c6cdae284cf5482865	0x1D985B0	0
kRvaQueueEvent	plain	UnityEngine.InputSystem.InputSystem::QueueEvent	0x4806790	0
kRvaKeyboardGetCurrent	plain	UnityEngine.InputSystem.Keyboard::get_current	0x4861C80	0
kRvaGetSettings	plain	UnityEngine.InputSystem.InputSystem::get_settings	0x4806E40	0
kRvaSetBackgroundBehavior	plain	UnityEngine.InputSystem.InputSettings::set_backgroundBehavior	0x4885210	0
kRvaSetRunInBackground	plain	UnityEngine.InputSystem.InputSystem::set_runInBackground	0x4808700	0
kRvaEnableDevice	plain	UnityEngine.InputSystem.InputSystem::EnableDevice	0x4805480	0
kRvaGetCurrentStatePtr	plain	UnityEngine.InputSystem.InputControl::get_currentStatePtr	0x480A460	0
kRvaKeyboardPreProcess	plain	UnityEngine.InputSystem.Keyboard::.PreProcessEvent	0x4863B80	0
kRvaGetHasPreProc	plain	UnityEngine.InputSystem.InputDevice::get_hasEventPreProcessor	0x4815B90	0
kRvaSetHasPreProc	plain	UnityEngine.InputSystem.InputDevice::set_hasEventPreProcessor	0x4815BA0	0
kRvaUlGetSkillLevel	hash	d37faec028e1b6715c4d9c406cd743dc89ed2c616dbcc40e32171ad674600f0	0x111F9C0	0
kRvaSiGetPureSkillLevel	hash	cb2f8f3122dd87a40a64256d451ebddf527d83d8c10a1e285b8420a53d33339	0x1618FA0	0
kRvaSiGetSkillLevel	hash	b00a77c70d719e7343f8e8e344cc0a8f0c1362925db6dae3b78834f9a06d9c9	0x1619760	0
kRvaConnectLoginStart	hash	eabd0939b86940c246ebabbdd8c2cc7859574f5ffd4da81557b0881b1a90650	0xC4BE30	0
kRvaCloseDialog	hash	e3af9a0d71b5259aec10c8cf883a6340ca3823afb5bd990956493fdf8ea086b	0x7AAEE0	0
kRvaNotice	hash	ecd6c59cedf95e9988c2bb3314e9e82649e70f3f6e63103470c0bfe35d9bd02	0x77D4B0	0
kRvaYesNo	hash	b34ff89ae3af5496cae585cb664a3cd3e0f8ba03807834b52b1769312fa6ab0	0x779010	0
kRvaAltDlgOpen	hash	d7d395aee11ad911d08b59126b3a0a84cac94e430f3525f38c7f8ea9964bc7f	0x7B1E90	0
kRvaUpdateView	hash	d98a5cb0a2cdc54271c0377c9465a47676adefec5cf50eddc15e7c4216659e7	0x81A3C0	0
kRvaOnPointerDown	plain	e66f21833e58979f256bc839f6f099e4cbcb6dad9f05c45c79efba7e9f11e43::OnPointerDown	0x81CCC0	0
kRvaLabelBind	hash	e9632acf9184eccb6e06f8aad15ca932c85b1b87c884aa95b7432711652cf2c	0x81B180	0
kRvaLabelClick	plain	c181b55af50a95cd415fc1aaab9bc419b1da70f362aa6f78f7df74958cd673f::OnPointerClick	0x81CEA0	0
kRvaExecutePointerDown	plain	UnityEngine.EventSystems.ExecuteEvents::Execute	0x5389D50	1
kRvaFindObjectsOfTypeAll	plain	UnityEngine.Resources::FindObjectsOfTypeAll	0x4F5BCC0	0
kRvaCompGetGo	plain	UnityEngine.Component::get_gameObject	0x4F640A0	0
kRvaObjGetName	plain	UnityEngine.Object::get_name	0x4F71000	0
